{
	"info": {
		"_postman_id": "afa5f38b-604f-446d-857f-7d689e689acb",
		"name": "pet-dogui",
		"schema": "https://schema.getpostman.com/json/collection/v2.1.0/collection.json"
	},
	"item": [
		{
			"name": "Servico - Find All",
			"request": {
				"method": "GET",
				"header": [],
				"url": {
					"raw": "http://localhost:8080/pet-dogui/resources/servico",
					"protocol": "http",
					"host": [
						"localhost"
					],
					"port": "8080",
					"path": [
						"pet-dogui",
						"resources",
						"servico"
					]
				}
			},
			"response": []
		},
		{
			"name": "Servico - Find Parameteres",
			"request": {
				"method": "GET",
				"header": [],
				"url": {
					"raw": "http://localhost:8080/pet-dogui/resources/servico?descricao=cccc",
					"protocol": "http",
					"host": [
						"localhost"
					],
					"port": "8080",
					"path": [
						"pet-dogui",
						"resources",
						"servico"
					],
					"query": [
						{
							"key": "descricao",
							"value": "cccc"
						}
					]
				}
			},
			"response": []
		},
		{
			"name": "Servico - Find By Id",
			"request": {
				"method": "GET",
				"header": [],
				"url": {
					"raw": "http://localhost:8080/pet-dogui/resources/servico/1",
					"protocol": "http",
					"host": [
						"localhost"
					],
					"port": "8080",
					"path": [
						"pet-dogui",
						"resources",
						"servico",
						"1"
					]
				}
			},
			"response": []
		},
		{
			"name": "Servico - Insert",
			"request": {
				"method": "POST",
				"header": [],
				"body": {
					"mode": "raw",
					"raw": "\n    {\n        \"descricao\": \"SERVICO c\",\n        \"status\": true,\n        \"valor\": 1500.0\n    }\n",
					"options": {
						"raw": {
							"language": "json"
						}
					}
				},
				"url": {
					"raw": "http://localhost:8080/pet-dogui/resources/servico",
					"protocol": "http",
					"host": [
						"localhost"
					],
					"port": "8080",
					"path": [
						"pet-dogui",
						"resources",
						"servico"
					]
				}
			},
			"response": []
		},
		{
			"name": "Servico - Edit",
			"request": {
				"method": "PUT",
				"header": [],
				"body": {
					"mode": "raw",
					"raw": "\n    {\n        \"id\": 11,\n        \"descricao\": \"SERVICO cccccccc1\",\n        \"status\": true,\n        \"valor\": 1500.0\n    }\n",
					"options": {
						"raw": {
							"language": "json"
						}
					}
				},
				"url": {
					"raw": "http://localhost:8080/pet-dogui/resources/servico",
					"protocol": "http",
					"host": [
						"localhost"
					],
					"port": "8080",
					"path": [
						"pet-dogui",
						"resources",
						"servico"
					]
				}
			},
			"response": []
		},
		{
			"name": "Servico - Delete",
			"request": {
				"method": "DELETE",
				"header": [],
				"url": {
					"raw": "http://localhost:8080/pet-dogui/resources/servico/11",
					"protocol": "http",
					"host": [
						"localhost"
					],
					"port": "8080",
					"path": [
						"pet-dogui",
						"resources",
						"servico",
						"11"
					]
				}
			},
			"response": []
		}
	]
}