{
	"info": {
		"_postman_id": "b8b53463-4504-4478-8b6e-77fad8752402",
		"name": "API-Pet-Dogui",
		"schema": "https://schema.getpostman.com/json/collection/v2.1.0/collection.json",
		"_exporter_id": "25955286",
		"_collection_link": "https://universal-robot-91343.postman.co/workspace/Team-Workspace~7ab9ba3f-4042-4bf7-87ca-383bb2363ad8/collection/25955286-b8b53463-4504-4478-8b6e-77fad8752402?action=share&creator=25955286&source=collection_link"
	},
	"item": [
		{
			"name": "FindAll Serviços",
			"request": {
				"method": "GET",
				"header": [],
				"url": {
					"raw": "http://localhost:8080/pet-dogui/resources/Servico",
					"protocol": "http",
					"host": [
						"localhost"
					],
					"port": "8080",
					"path": [
						"pet-dogui",
						"resources",
						"Servico"
					]
				}
			},
			"response": []
		},
		{
			"name": "FindById Serviços",
			"request": {
				"method": "GET",
				"header": [],
				"url": {
					"raw": "http://localhost:8080/pet-dogui/resources/Servico/1",
					"protocol": "http",
					"host": [
						"localhost"
					],
					"port": "8080",
					"path": [
						"pet-dogui",
						"resources",
						"Servico",
						"1"
					]
				}
			},
			"response": []
		},
		{
			"name": "FindAllWithParameters Serviços",
			"request": {
				"method": "GET",
				"header": [],
				"url": {
					"raw": "http://localhost:8080/pet-dogui/resources/servico/filter?descricao=Banho",
					"protocol": "http",
					"host": [
						"localhost"
					],
					"port": "8080",
					"path": [
						"pet-dogui",
						"resources",
						"servico",
						"filter"
					],
					"query": [
						{
							"key": "descricao",
							"value": "Banho"
						}
					]
				}
			},
			"response": []
		},
		{
			"name": "Insert Serviço",
			"request": {
				"method": "POST",
				"header": [],
				"body": {
					"mode": "raw",
					"raw": "    {\r\n        \"descricao\": \"Serviço API\",\r\n        \"status\": true,\r\n        \"valor\": 10\r\n    }\r\n",
					"options": {
						"raw": {
							"language": "json"
						}
					}
				},
				"url": {
					"raw": "http://localhost:8080/pet-dogui/resources/servico",
					"protocol": "http",
					"host": [
						"localhost"
					],
					"port": "8080",
					"path": [
						"pet-dogui",
						"resources",
						"servico"
					]
				}
			},
			"response": []
		},
		{
			"name": "Update Serviço",
			"request": {
				"method": "PUT",
				"header": [],
				"body": {
					"mode": "raw",
					"raw": "    {\r\n        \"descricao\": \"Serviço API Alterado\",\r\n        \"status\": true,\r\n        \"valor\": 10,\r\n        \"id\":3\r\n    }\r\n",
					"options": {
						"raw": {
							"language": "json"
						}
					}
				},
				"url": {
					"raw": "http://localhost:8080/pet-dogui/resources/servico",
					"protocol": "http",
					"host": [
						"localhost"
					],
					"port": "8080",
					"path": [
						"pet-dogui",
						"resources",
						"servico"
					]
				}
			},
			"response": []
		},
		{
			"name": "Delete Serviço",
			"request": {
				"method": "DELETE",
				"header": [],
				"url": {
					"raw": "http://localhost:8080/pet-dogui/resources/servico/3",
					"protocol": "http",
					"host": [
						"localhost"
					],
					"port": "8080",
					"path": [
						"pet-dogui",
						"resources",
						"servico",
						"3"
					]
				}
			},
			"response": []
		},
		{
			"name": "FindAll Pessoa",
			"request": {
				"method": "GET",
				"header": [],
				"url": {
					"raw": "http://localhost:8080/pet-dogui/resources/pessoa",
					"protocol": "http",
					"host": [
						"localhost"
					],
					"port": "8080",
					"path": [
						"pet-dogui",
						"resources",
						"pessoa"
					]
				}
			},
			"response": []
		},
		{
			"name": "FindById Pessoa",
			"request": {
				"method": "GET",
				"header": [],
				"url": {
					"raw": "http://localhost:8080/pet-dogui/resources/pessoa/1",
					"protocol": "http",
					"host": [
						"localhost"
					],
					"port": "8080",
					"path": [
						"pet-dogui",
						"resources",
						"pessoa",
						"1"
					]
				}
			},
			"response": []
		},
		{
			"name": "FindAllWithParameters Pessoa",
			"request": {
				"method": "GET",
				"header": [],
				"url": {
					"raw": "http://localhost:8080/pet-dogui/resources/pessoa/filter?nome=Kauã Reis",
					"protocol": "http",
					"host": [
						"localhost"
					],
					"port": "8080",
					"path": [
						"pet-dogui",
						"resources",
						"pessoa",
						"filter"
					],
					"query": [
						{
							"key": "nome",
							"value": "Kauã Reis"
						}
					]
				}
			},
			"response": []
		},
		{
			"name": "Insert Pessoa",
			"request": {
				"method": "POST",
				"header": [],
				"body": {
					"mode": "raw",
					"raw": " {\r\n        \"nome\": \"Anderson\",\r\n        \"email\": \"email@anderson\",\r\n        \"nrTelefone\": \"00 00000-0001\"\r\n    }",
					"options": {
						"raw": {
							"language": "json"
						}
					}
				},
				"url": {
					"raw": "http://localhost:8080/pet-dogui/resources/pessoa",
					"protocol": "http",
					"host": [
						"localhost"
					],
					"port": "8080",
					"path": [
						"pet-dogui",
						"resources",
						"pessoa"
					]
				}
			},
			"response": []
		},
		{
			"name": "Update Pessoa",
			"request": {
				"method": "PUT",
				"header": [],
				"body": {
					"mode": "raw",
					"raw": " {\r\n        \"nome\": \"Anderson Alterado\",\r\n        \"email\": \"email@anderson\",\r\n        \"id\": 3,\r\n        \"nrTelefone\": \"00 00000-0001\"\r\n    }",
					"options": {
						"raw": {
							"language": "json"
						}
					}
				},
				"url": {
					"raw": "http://localhost:8080/pet-dogui/resources/pessoa",
					"protocol": "http",
					"host": [
						"localhost"
					],
					"port": "8080",
					"path": [
						"pet-dogui",
						"resources",
						"pessoa"
					]
				}
			},
			"response": []
		},
		{
			"name": "Delete Pessoa",
			"request": {
				"method": "DELETE",
				"header": [],
				"url": {
					"raw": "http://localhost:8080/pet-dogui/resources/pessoa/3",
					"protocol": "http",
					"host": [
						"localhost"
					],
					"port": "8080",
					"path": [
						"pet-dogui",
						"resources",
						"pessoa",
						"3"
					]
				}
			},
			"response": []
		},
		{
			"name": "FindAll Pet",
			"request": {
				"method": "GET",
				"header": [],
				"url": {
					"raw": "http://localhost:8080/pet-dogui/resources/pet",
					"protocol": "http",
					"host": [
						"localhost"
					],
					"port": "8080",
					"path": [
						"pet-dogui",
						"resources",
						"pet"
					]
				}
			},
			"response": []
		},
		{
			"name": "FindById Pet",
			"request": {
				"method": "GET",
				"header": [],
				"url": {
					"raw": "http://localhost:8080/pet-dogui/resources/pet/1",
					"protocol": "http",
					"host": [
						"localhost"
					],
					"port": "8080",
					"path": [
						"pet-dogui",
						"resources",
						"pet",
						"1"
					]
				}
			},
			"response": []
		},
		{
			"name": "FindAllWithParameters Pet",
			"request": {
				"method": "GET",
				"header": [],
				"url": {
					"raw": "http://localhost:8080/pet-dogui/resources/pet/filter?nomepet=Jubileu",
					"protocol": "http",
					"host": [
						"localhost"
					],
					"port": "8080",
					"path": [
						"pet-dogui",
						"resources",
						"pet",
						"filter"
					],
					"query": [
						{
							"key": "nomepet",
							"value": "Jubileu"
						}
					]
				}
			},
			"response": []
		},
		{
			"name": "Insert Pet",
			"request": {
				"method": "POST",
				"header": [],
				"body": {
					"mode": "raw",
					"raw": "{\r\n        \"nome\": \"Claríssia\",\r\n\r\n         \"dono\": {\r\n            \"email\": \"exemplo@email.com\",\r\n            \"id\": 1,\r\n            \"listaEnderecos\": [\r\n                {\r\n                    \"complemento\": \"complemento teste\",\r\n                    \"dsBairro\": \"Bairro Teste\",\r\n                    \"id\": 1,\r\n                    \"nomeRua\": \"Rua Teste\",\r\n                    \"nrCasa\": 30,\r\n                    \"nrCep\": \"00000-000\",\r\n                    \"stAtivo\": true\r\n                },\r\n                {\r\n                    \"complemento\": \"complemento teste 2\",\r\n                    \"dsBairro\": \"Bairro Teste 2\",\r\n                    \"id\": 2,\r\n                    \"nomeRua\": \"Rua Teste 2\",\r\n                    \"nrCasa\": 40,\r\n                    \"nrCep\": \"20000-000\",\r\n                    \"stAtivo\": true\r\n                }\r\n            ],\r\n            \"nome\": \"Bruno\",\r\n            \"nrTelefone\": \"00 00000-0000\"\r\n        },\r\n\r\n\r\n        \"genero\": \"FEMEA\",\r\n        \"peso\": 6.0,\r\n        \"porte\": \"MEDIO\"\r\n}",
					"options": {
						"raw": {
							"language": "json"
						}
					}
				},
				"url": {
					"raw": "http://localhost:8080/pet-dogui/resources/pet",
					"protocol": "http",
					"host": [
						"localhost"
					],
					"port": "8080",
					"path": [
						"pet-dogui",
						"resources",
						"pet"
					]
				}
			},
			"response": []
		},
		{
			"name": "Update Pet",
			"request": {
				"method": "PUT",
				"header": [],
				"body": {
					"mode": "raw",
					"raw": "{\r\n        \"nome\": \"Claríssia Alterada\",\r\n        \r\n         \"dono\": {\r\n            \"email\": \"exemplo@email.com\",\r\n            \"id\": 1,\r\n            \"listaEnderecos\": [\r\n                {\r\n                    \"complemento\": \"complemento teste\",\r\n                    \"dsBairro\": \"Bairro Teste\",\r\n                    \"id\": 1,\r\n                    \"nomeRua\": \"Rua Teste\",\r\n                    \"nrCasa\": 30,\r\n                    \"nrCep\": \"00000-000\",\r\n                    \"stAtivo\": true\r\n                },\r\n                {\r\n                    \"complemento\": \"complemento teste 2\",\r\n                    \"dsBairro\": \"Bairro Teste 2\",\r\n                    \"id\": 2,\r\n                    \"nomeRua\": \"Rua Teste 2\",\r\n                    \"nrCasa\": 40,\r\n                    \"nrCep\": \"20000-000\",\r\n                    \"stAtivo\": true\r\n                }\r\n            ],\r\n            \"nome\": \"Bruno\",\r\n            \"nrTelefone\": \"00 00000-0000\"\r\n        },\r\n\r\n        \"genero\": \"FEMEA\",\r\n        \"peso\": 6.0,\r\n        \"porte\": \"MEDIO\",\r\n        \"id\": 3\r\n}",
					"options": {
						"raw": {
							"language": "json"
						}
					}
				},
				"url": {
					"raw": "http://localhost:8080/pet-dogui/resources/pet",
					"protocol": "http",
					"host": [
						"localhost"
					],
					"port": "8080",
					"path": [
						"pet-dogui",
						"resources",
						"pet"
					]
				}
			},
			"response": []
		},
		{
			"name": "Delete Pet",
			"request": {
				"method": "DELETE",
				"header": [],
				"url": {
					"raw": "http://localhost:8080/pet-dogui/resources/pet/3",
					"protocol": "http",
					"host": [
						"localhost"
					],
					"port": "8080",
					"path": [
						"pet-dogui",
						"resources",
						"pet",
						"3"
					]
				}
			},
			"response": []
		},
		{
			"name": "FindAll Endereco",
			"request": {
				"method": "GET",
				"header": [],
				"url": {
					"raw": "http://localhost:8080/pet-dogui/resources/endereco",
					"protocol": "http",
					"host": [
						"localhost"
					],
					"port": "8080",
					"path": [
						"pet-dogui",
						"resources",
						"endereco"
					]
				}
			},
			"response": []
		},
		{
			"name": "FindById Endereco",
			"request": {
				"method": "GET",
				"header": [],
				"url": {
					"raw": "http://localhost:8080/pet-dogui/resources/endereco/1",
					"protocol": "http",
					"host": [
						"localhost"
					],
					"port": "8080",
					"path": [
						"pet-dogui",
						"resources",
						"endereco",
						"1"
					]
				}
			},
			"response": []
		},
		{
			"name": "FindAllWithParameters Endereco",
			"request": {
				"method": "GET",
				"header": [],
				"url": {
					"raw": "http://localhost:8080/pet-dogui/resources/endereco/filter?nomerua=Teste",
					"protocol": "http",
					"host": [
						"localhost"
					],
					"port": "8080",
					"path": [
						"pet-dogui",
						"resources",
						"endereco",
						"filter"
					],
					"query": [
						{
							"key": "nomerua",
							"value": "Teste"
						}
					]
				}
			},
			"response": []
		},
		{
			"name": "Insert Endereco",
			"request": {
				"method": "POST",
				"header": [],
				"body": {
					"mode": "raw",
					"raw": "{\r\n    \"complemento\": \"complemento inserido\",\r\n    \"dsBairro\": \"Bairro inserido\",\r\n    \"nomeRua\": \"Rua inserido\",\r\n    \"nrCasa\": 30,\r\n    \"nrCep\": \"00000-000\",\r\n    \"pessoa\": {\r\n        \"email\": \"exemplo@email.com\",\r\n        \"id\": 1,\r\n        \"listaEnderecos\": [\r\n            {\r\n                \"complemento\": \"complemento teste\",\r\n                \"dsBairro\": \"Bairro Teste\",\r\n                \"id\": 1,\r\n                \"nomeRua\": \"Rua Teste\",\r\n                \"nrCasa\": 30,\r\n                \"nrCep\": \"00000-000\",\r\n                \"stAtivo\": true\r\n            },\r\n            {\r\n                \"complemento\": \"complemento teste 2\",\r\n                \"dsBairro\": \"Bairro Teste 2\",\r\n                \"id\": 2,\r\n                \"nomeRua\": \"Rua Teste 2\",\r\n                \"nrCasa\": 40,\r\n                \"nrCep\": \"20000-000\",\r\n                \"stAtivo\": true\r\n            }\r\n        ],\r\n        \"nome\": \"Bruno\",\r\n        \"nrTelefone\": \"00 00000-0000\"\r\n    },\r\n    \"stAtivo\": true\r\n}",
					"options": {
						"raw": {
							"language": "json"
						}
					}
				},
				"url": {
					"raw": "http://localhost:8080/pet-dogui/resources/endereco",
					"protocol": "http",
					"host": [
						"localhost"
					],
					"port": "8080",
					"path": [
						"pet-dogui",
						"resources",
						"endereco"
					]
				}
			},
			"response": []
		},
		{
			"name": "Update Endereco",
			"request": {
				"method": "PUT",
				"header": [],
				"body": {
					"mode": "raw",
					"raw": "{\r\n    \"id\":3,\r\n    \"complemento\": \"complemento inserido e alterado\",\r\n    \"dsBairro\": \"Bairro inserido alterado\",\r\n    \"nomeRua\": \"Rua inserido alterado\",\r\n    \"nrCasa\": 30,\r\n    \"nrCep\": \"00000-000\",\r\n    \"pessoa\": {\r\n        \"email\": \"exemplo@email.com\",\r\n        \"id\": 1,\r\n        \"listaEnderecos\": [\r\n            {\r\n                \"complemento\": \"complemento teste\",\r\n                \"dsBairro\": \"Bairro Teste\",\r\n                \"id\": 1,\r\n                \"nomeRua\": \"Rua Teste\",\r\n                \"nrCasa\": 30,\r\n                \"nrCep\": \"00000-000\",\r\n                \"stAtivo\": true\r\n            },\r\n            {\r\n                \"complemento\": \"complemento teste 2\",\r\n                \"dsBairro\": \"Bairro Teste 2\",\r\n                \"id\": 2,\r\n                \"nomeRua\": \"Rua Teste 2\",\r\n                \"nrCasa\": 40,\r\n                \"nrCep\": \"20000-000\",\r\n                \"stAtivo\": true\r\n            }\r\n        ],\r\n        \"nome\": \"Bruno\",\r\n        \"nrTelefone\": \"00 00000-0000\"\r\n    },\r\n    \"stAtivo\": true\r\n}",
					"options": {
						"raw": {
							"language": "json"
						}
					}
				},
				"url": {
					"raw": "http://localhost:8080/pet-dogui/resources/endereco",
					"protocol": "http",
					"host": [
						"localhost"
					],
					"port": "8080",
					"path": [
						"pet-dogui",
						"resources",
						"endereco"
					]
				}
			},
			"response": []
		},
		{
			"name": "Delete Endereco",
			"request": {
				"method": "DELETE",
				"header": [],
				"url": {
					"raw": "http://localhost:8080/pet-dogui/resources/endereco/3",
					"protocol": "http",
					"host": [
						"localhost"
					],
					"port": "8080",
					"path": [
						"pet-dogui",
						"resources",
						"endereco",
						"3"
					]
				}
			},
			"response": []
		}
	]
}